question,answer,label
Is EQ-5D a valid quality of life instrument in patients with acute coronary syndrome?,yes,yes
Do preoperative serum C-reactive protein levels predict the definitive pathological stage in patients with clinically localized prostate cancer?,no,no
Chronic progressive cervical myelopathy with HTLV-I infection: Variant form of HAM/TSP?,yes,yes
Are pediatric concussion patients compliant with discharge instructions?,yes,yes
Can the postoperative pain level be predicted preoperatively?,yes,yes
Resection of colorectal liver metastases after second-line chemotherapy: is it worthwhile?,no,no
Does context matter for the relationship between deprivation and all-cause mortality?,no,no
Does sex influence the response to intravenous thrombolysis in ischemic stroke?,yes,yes
"Suturing of the nasal septum after septoplasty, is it an effective alternative to nasal packing?",yes,yes
Is discordance in TEOAE and AABR outcomes predictable in newborns?,yes,yes
Are bipolar disorders underdiagnosed in patients with depressive episodes?,maybe,maybe
Is robotically assisted laparoscopic radical prostatectomy less invasive than retropubic radical prostatectomy?,yes,yes
Can vaginal pH be measured from the wet mount slide?,no,no
Does preloading with colloids prevent hemodynamic changes when neurosurgical patients are subsequently changed to the seated position?,yes,yes
Does quantitative left ventricular regional wall motion change after fibrous tissue resection in endomyocardial fibrosis?,no,no
Is the Retromandibular Transparotid Approach a Reliable Option for the Surgical Treatment of Condylar Fractures?,yes,yes
Are there mental health differences between francophone and non-francophone populations in manitoba?,maybe,maybe
Is determination between complete and incomplete traumatic spinal cord injury clinically relevant?,maybe,maybe
Do we need imaging to diagnose appendicitis in children?,maybe,maybe
The Deformity Angular Ratio: Does It Correlate With High-Risk Cases for Potential Spinal Cord Monitoring Alerts in Pediatric 3-Column Thoracic Spinal Deformity Corrective Surgery?,yes,yes
Does the clinical presentation of a prior preterm birth predict risk in a subsequent pregnancy?,yes,yes
Do all ethnic groups in New Zealand exhibit socio-economic mortality gradients?,yes,yes
Could the extent of lymphadenectomy be modified by neoadjuvant chemotherapy in cervical cancer?,no,no
Are lower fasting plasma glucose levels at diagnosis of type 2 diabetes associated with improved outcomes?,yes,yes
Is hypoalbuminemia an independent prognostic factor in patients with gastric cancer?,no,no
Does ischemic preconditioning require reperfusion before index ischemia?,no,no
Can we rely on arterial line sampling in performing activated plasma thromboplastin time after cardiac surgery?,no,no
Is obesity a risk factor for wheezing among adolescents?,yes,yes
Can clinicians use the PHQ-9 to assess depression in people with vision loss?,yes,yes
The inverse equity hypothesis: does it apply to coverage of cancer screening in middle-income countries?,yes,yes
Do viral infections have a role in benign paroxysmal positional vertigo?,yes,yes
Is controlled ovarian stimulation in intrauterine insemination an acceptable therapy in couples with unexplained non-conception in the perspective of multiple pregnancies?,no,no
Do women residents delay childbearing due to perceived career threats?,yes,yes
Do elderly patients call 911 when presented with clinical scenarios suggestive of acute stroke?,maybe,maybe
Do mitochondria play a role in remodelling lace plant leaves during programmed cell death?,yes,yes
Do older patients who refuse to participate in a self-management intervention in the Netherlands differ from older patients who agree to participate?,yes,yes
Does psychological distress predict disability?,yes,yes
Out of the smokescreen II: will an advertisement targeting the tobacco industry affect young people's perception of smoking in movies and their intention to smoke?,yes,yes
Recurrent spontaneous abortion and skewed X-inactivation: is there an association?,no,no
c-Kit-dependent growth of uveal melanoma cells: a potential therapeutic target?,yes,yes
Colorectal cancer in young patients: is it a distinct clinical entity?,yes,yes
Does binge drinking during early pregnancy increase the risk of psychomotor deficits?,no,no
Are patients willing participants in the new wave of community-based medical education in regional and rural Australia?,yes,yes
Is duration of psychological treatment for depression related to return into treatment?,yes,yes
Are interstitial fluid concentrations of meropenem equivalent to plasma concentrations in critically ill patients receiving continuous renal replacement therapy?,no,no
Does accompanying metabolic syndrome contribute to heart dimensions in hypertensive patients?,maybe,maybe
Is Alveolar Macrophage Phagocytic Dysfunction in Children With Protracted Bacterial Bronchitis a Forerunner to Bronchiectasis?,yes,yes
Does sex affect the outcome of laparoscopic cholecystectomy?,yes,yes
Is HIV/STD control in Jamaica making a difference?,yes,yes
Canada's Compassionate Care Benefit: is it an adequate public health response to addressing the issue of caregiver burden in end-of-life care?,no,no
Are performance measurement systems useful?,yes,yes
Delays in time to primary treatment after a diagnosis of breast cancer: does it impact survival?,no,no
Is there awareness of pharmaceutical expenditure in the reformed primary care system?,no,no
"Body perception: do parents, their children, and their children's physicians perceive body image differently?",yes,yes
Vaginal dose assessment in image-guided brachytherapy for cervical cancer: Can we really rely on dose-point evaluation?,maybe,maybe
Remote ischemic postconditioning: does it protect against ischemic damage in percutaneous coronary revascularization?,yes,yes
Should ascitis volume and anthropometric measurements be estimated in hospitalized alcoholic cirrotics?,yes,yes
Treatment as prevention in resource-limited settings: is it feasible to maintain HIV viral load suppression over time?,yes,yes
Does depression diagnosis and antidepressant prescribing vary by location?,yes,yes
May student examiners be reasonable substitute examiners for faculty in an undergraduate OSCE on medical emergencies?,yes,yes
Is the zeolite hemostatic agent beneficial in reducing blood loss during arterial injury?,yes,yes
Is There an Additional Value of Using Somatostatin Receptor Subtype 2a Immunohistochemistry Compared to Somatostatin Receptor Scintigraphy Uptake in Predicting Gastroenteropancreatic Neuroendocrine Tumor Response?,no,no
Does the leukocyte count correlate with the severity of injury?,yes,yes
Does occupational nuclear power plant radiation affect conception and pregnancy?,yes,yes
Does rural or urban residence make a difference to neonatal outcome in premature birth?,yes,yes
Is halofantrine ototoxic?,yes,yes
Is nasogastric decompression useful in prevention of leaks after laparoscopic sleeve gastrectomy?,no,no
Metered-dose inhalers. Do health care providers know what to teach?,no,no
Can students' scores on preclerkship clinical performance examinations predict that they will fail a senior clinical performance examination?,yes,yes
Scrotal approach to both palpable and impalpable undescended testes: should it become our first choice?,yes,yes
Storage of vaccines in the community: weak link in the cold chain?,maybe,maybe
Is late-night salivary cortisol a better screening test for possible cortisol excess than standard screening tests in obese patients with Type 2 diabetes?,no,no
Preoperative tracheobronchoscopy in newborns with esophageal atresia: does it matter?,yes,yes
Can Flexible Instruments Create Adequate Femoral Tunnel Lengths at 90° of Knee Flexion in Anterior Cruciate Ligament Reconstruction?,yes,yes
30-Day and 1-year mortality in emergency general surgery laparotomies: an area of concern and need for improvement?,maybe,maybe
Do supervised colorectal trainees differ from consultants in terms of quality of TME surgery?,no,no
Can implant retention be recommended for treatment of infected TKA?,maybe,maybe
Assessing joint line positions by means of the contralateral knee: a new approach for planning knee revision surgery?,yes,yes
Is the ability to perform transurethral resection of the prostate influenced by the surgeon's previous experience?,yes,yes
"""Occult"" posttraumatic lesions of the knee: can magnetic resonance substitute for diagnostic arthroscopy?",yes,yes
Does rugby headgear prevent concussion?,maybe,maybe
Are endothelial cell patterns of astrocytomas indicative of grade?,yes,yes
Can mass drug administration lead to the sustainable control of schistosomiasis?,no,no
Does TDP-43 type confer a distinct pattern of atrophy in frontotemporal lobar degeneration?,yes,yes
Does concomitant anterior/apical repair during midurethral sling improve the overactive bladder component of mixed incontinence?,no,no
Does bone anchor fixation improve the outcome of percutaneous bladder neck suspension in female stress urinary incontinence?,yes,yes
Does body mass index (BMI) influence morbidity and long-term survival in gastric cancer patients after gastrectomy?,maybe,maybe
Does combining antiretroviral agents in a single dosage form enhance quality of life of HIV/AIDS patients?,no,no
Are tuberculosis patients adherent to prescribed treatments in China?,maybe,maybe
The objective structured clinical examination: can physician-examiners participate from a distance?,yes,yes
Chronic functional somatic symptoms: a single syndrome?,no,no
Does radiotherapy of the primary rectal cancer affect prognosis after pelvic exenteration for recurrent rectal cancer?,yes,yes
Does the Transmissible Liability Index (TLI) assessed in late childhood predict suicidal symptoms at young adulthood?,yes,yes
"Neoadjuvant Imatinib in Locally Advanced Gastrointestinal stromal Tumours, Will Kit Mutation Analysis Be a Pathfinder?",yes,yes
Cervical spine fractures in geriatric blunt trauma patients with low-energy mechanism: are clinical predictors adequate?,no,no
Does immediate breast reconstruction compromise the delivery of adjuvant chemotherapy?,no,no
Does tranexamic acid reduce desmopressin-induced hyperfibrinolysis?,yes,yes
After CLASS--Is a voluntary public insurance program a realistic way to meet the long-term support and service needs of adults with disabilities?,no,no
Is there a need for pelvic CT scan in cases of renal cell carcinoma?,no,no
Is peak concentration needed in therapeutic drug monitoring of vancomycin?,no,no
Are reports of mechanical dysfunction in chronic oro-facial pain related to somatisation?,yes,yes
Do inhaled corticosteroids affect perception of dyspnea during bronchoconstriction in asthma?,yes,yes
Are environmental factors important in primary systemic vasculitis?,yes,yes
Nasal polyposis: is there an inheritance pattern?,yes,yes
Is extended aortic replacement in acute type A dissection justifiable?,yes,yes
Does concept mapping enhance learning outcome of nursing students?,yes,yes
HIF1A as a major vascular endothelial growth factor regulator: do its polymorphisms have an association with age-related macular degeneration?,maybe,maybe
Juvenile osteochondritis dissecans: is it a growth disturbance of the secondary physis of the epiphysis?,yes,yes
Do Surrogates of Injury Severity Influence the Occurrence of Heterotopic Ossification in Fractures of the Acetabulum?,maybe,maybe
Are sports medicine journals relevant and applicable to practitioners and athletes?,no,no
Does a physician's specialty influence the recording of medication history in patients' case notes?,yes,yes
Is etoricoxib effective in preventing heterotopic ossification after primary total hip arthroplasty?,yes,yes
Is primary angioplasty an acceptable alternative to thrombolysis?,yes,yes
Cold knife conization vs. LEEP. Are they the same procedure?,no,no
Does ethnicity affect where people with cancer die?,yes,yes
Does menopausal transition affect the quality of life?,no,no
Prostate-specific antigen and free prostate-specific antigen in the early detection of prostate cancer: do combination tests improve detection?,yes,yes
Can computerised tomography replace bone scintigraphy in detecting bone metastases from breast cancer?,yes,yes
Is renal warm ischemia over 30 minutes during laparoscopic partial nephrectomy possible?,no,no
Chemoradiotherapy in the management of locally advanced squamous cell carcinoma esophagus: is surgical resection required?,no,no
Is there a model to teach and practice retroperitoneoscopic nephrectomy?,yes,yes
Attaining negative margins in breast-conservation operations: is there a consensus among breast surgeons?,no,no
Gender difference in survival of resected non-small cell lung cancer: histology-related phenomenon?,yes,yes
Chemical shift MRI: is there any contribution to morphologic evaluation of solid breast masses?,yes,yes
Cigarettes and cinema: does parental restriction of R-rated movie viewing reduce adolescent smoking susceptibility?,yes,yes
Is cytokeratin immunoreactivity useful in the diagnosis of short-segment Barrett's oesophagus in Korea?,yes,yes
Does induction chemotherapy have a role in the management of nasopharyngeal carcinoma?,yes,yes
Major depression and alcohol use disorder in adolescence: Does comorbidity lead to poorer outcomes of depression?,no,no
Can T-cell deficiency affect spatial learning ability following toluene exposure?,yes,yes
Characterization of the gender dimorphism after injury and hemorrhagic shock: are hormonal differences responsible?,no,no
Gluten tolerance in adult patients with celiac disease 20 years after diagnosis?,maybe,maybe
Does surgery or radiation therapy impact survival for patients with extrapulmonary small cell cancers?,yes,yes
Do symptoms matter when considering patients for phase I clinical trials?,yes,yes
Comparing femoral version after intramedullary nailing performed by trauma-trained and non-trauma trained surgeons: is there a difference?,no,no
In vivo visualization of pyloric mucosal hypertrophy in infants with hypertrophic pyloric stenosis: is there an etiologic role?,yes,yes
Differentiation of nonalcoholic from alcoholic steatohepatitis: are routine laboratory markers useful?,yes,yes
Does para-cervical block offer additional advantages in abortion induction with gemeprost in the 2nd trimester?,yes,yes
Is routine dissection of the station 9 lymph nodes really necessary for primary lung cancer?,no,no
Can Roux-en-Y gastric bypass provide a lifelong solution for diabetes mellitus?,yes,yes
Does ibuprofen increase perioperative blood loss during hip arthroplasty?,yes,yes
Diagnostic and therapeutic ureteroscopy: is dilatation of ureteral meatus always necessary?,no,no
Do antibiotics decrease post-tonsillectomy morbidity?,no,no
Can teaching medical students to investigate medication errors change their attitudes towards patient safety?,yes,yes
Is calibration the cause of variation in liquid chromatography tandem mass spectrometry testosterone measurement?,no,no
Post-tonsillectomy late haemorrhage: is it a preferably night-time event?,yes,yes
Does Molecular Genotype Provide Useful Information in the Management of Radioiodine Refractory Thyroid Cancers?,yes,yes
Biliary atresia: should all patients undergo a portoenterostomy?,no,no
Should early extubation be the goal for children after congenital cardiac surgery?,yes,yes
Is the covering of the resection margin after distal pancreatectomy advantageous?,no,no
Inhibin: a new circulating marker of hydatidiform mole?,yes,yes
Follow-up of patients with new cardiovascular implantable electronic devices: are experts' recommendations implemented in routine clinical practice?,yes,yes
Does increased patient awareness improve accrual into cancer-related clinical trials?,no,no
Validation of the 2009 TNM version in a large multi-institutional cohort of patients treated for renal cell carcinoma: are further improvements needed?,yes,yes
Is there a relationship between complex fractionated atrial electrograms recorded during atrial fibrillation and sinus rhythm fractionation?,no,no
"Are there associations of health status, disease activity and damage in SLE patients?",yes,yes
Does a history of unintended pregnancy lessen the likelihood of desire for sterilization reversal?,no,no
Preoperative platelet count in esophageal squamous cell carcinoma: is it a prognostic factor?,yes,yes
Motor performance in chronic low back pain: is there an influence of pain-related cognitions?,yes,yes
Vitamin D supplementation and regulatory T cells in apparently healthy subjects: vitamin D treatment for autoimmune diseases?,yes,yes
Does invasive diagnosis of nosocomial pneumonia during off-hours delay treatment?,no,no
Does the type of tibial component affect mechanical alignment in unicompartmental knee replacement?,yes,yes
Perioperative care in an animal model for training in abdominal surgery: is it necessary a preoperative fasting?,no,no
Is fear of anaphylactic shock discouraging surgeons from more widely adopting percutaneous and laparoscopic techniques in the treatment of liver hydatid cyst?,yes,yes
"Does obesity predict knee pain over fourteen years in women, independently of radiographic changes?",yes,yes
Can surgeon familiarization with current evidence lead to a change in practice?,no,no
Cycloplegic autorefraction in young adults: is it mandatory?,maybe,maybe
Are physicians aware of the side effects of angiotensin-converting enzyme inhibitors?,no,no
The effective orifice area/patient aortic annulus area ratio: a better way to compare different bioprostheses?,yes,yes
Hepatic arterial embolization for unresectable hepatocellular carcinomas: do technical factors affect prognosis?,yes,yes
Does Viral Co-Infection Influence the Severity of Acute Respiratory Infection in Children?,no,no
Failed IUD insertions in community practice: an under-recognized problem?,yes,yes
Are even impaired fasting blood glucose levels preoperatively associated with increased mortality after CABG surgery?,yes,yes
Does preoperative anemia adversely affect colon and rectal surgery outcomes?,yes,yes
Detailed analysis of sputum and systemic inflammation in asthma phenotypes: are paucigranulocytic asthmatics really non-inflammatory?,maybe,maybe
School food policy at Dutch primary schools: room for improvement?,yes,yes
Does patient position during liver surgery influence the risk of venous air embolism?,no,no
Should serum pancreatic lipase replace serum amylase as a biomarker of acute pancreatitis?,yes,yes
Delayed imaging in routine CT examinations of the abdomen and pelvis: is it worth the additional cost of radiation and time?,no,no
Medical student education in emergency medicine: do students meet the national standards for clinical encounters of selected core conditions?,no,no
Is there a role for leukocyte and CRP measurements in the diagnosis of acute appendicitis in the elderly?,maybe,maybe
Should temperature be monitorized during kidney allograft preservation?,no,no
Can you deliver accurate tidal volume by manual resuscitator?,no,no
Therapeutic anticoagulation in the trauma patient: is it safe?,no,no
Do older men benefit from curative therapy of localized prostate cancer?,yes,yes
Pharmacologic regimens for knee osteoarthritis prevention: can they be cost-effective?,yes,yes
Colorectal cancer with synchronous liver metastases: does global management at the same centre improve results?,no,no
Can a practicing surgeon detect early lymphedema reliably?,maybe,maybe
Is laparoscopic adrenalectomy safe and effective for adrenal masses larger than 7 cm?,yes,yes
"Is there any evidence of a ""July effect"" in patients undergoing major cancer surgery?",no,no
The association of puberty and young adolescent alcohol use: do parents have a moderating role?,no,no
Do older patients receive adequate stroke care?,maybe,maybe
Does patient-prosthesis mismatch after aortic valve replacement affect survival and quality of life in elderly patients?,no,no
Rotator cuff tear--an occupational disease?,yes,yes
Mammographic screening in Sami speaking municipalities and a control group. Are early outcome measures influenced by ethnicity?,yes,yes
Has the mammography quality standards act affected the mammography quality in North Carolina?,yes,yes
Menopausal hormone therapy and irregular endometrial bleeding: a potential role for uterine natural killer cells?,yes,yes
Can we predict which head and neck cancer survivors develop fears of recurrence?,yes,yes
Midwives' competence: is it affected by working in a rural location?,maybe,maybe
Are neighbourhood social capital and availability of sports facilities related to sports participation among Dutch adolescents?,maybe,maybe
Does the severity of obstructive sleep apnea predict patients requiring high continuous positive airway pressure?,maybe,maybe
Does anterior laxity of the uninjured knee influence clinical outcomes of ACL reconstruction?,yes,yes
Does delivery mode affect women's postpartum quality of life in rural China?,no,no
Does Sensation Return to the Nasal Tip After Microfat Grafting?,yes,yes
Is there a differential in the dental health of new recruits to the British Armed Forces?,yes,yes
Can D-dimer become a new diagnostic parameter for acute appendicitis?,no,no
Is minimally invasive mitral valve repair with artificial chords reproducible and applicable in routine surgery?,yes,yes
Do elderly cancer patients have different care needs compared with younger ones?,no,no
"Does delaying surgery in immature adolescent idiopathic scoliosis patients with progressive curve, lead to addition of fusion levels?",yes,yes
SPECT study with I-123-Ioflupane (DaTSCAN) in patients with essential tremor. Is there any correlation with Parkinson's disease?,no,no
Is the cell death in mesial temporal sclerosis apoptotic?,maybe,maybe
Does nuchal translucency thickness in the first trimester predict GDM onset during pregnancy?,no,no
Does birth center care during a woman's first pregnancy have any impact on her future reproduction?,no,no
Does stress increase imitation of drinking behavior?,no,no
Patient-Controlled Therapy of Breathlessness in Palliative Care: A New Therapeutic Concept for Opioid Administration?,yes,yes
Are wandering and physically nonaggressive agitation equivalent?,no,no
Prognostic factors for cervical spondylotic amyotrophy: are signs of spinal cord involvement associated with the neurological prognosis?,yes,yes
Can patients be anticoagulated after intracerebral hemorrhage?,maybe,maybe
Percutaneous ethanol injection for benign cystic thyroid nodules: is aspiration of ethanol-mixed fluid advantageous?,no,no
Is the breast best for children with a family history of atopy?,yes,yes
Secondhand smoke risk in infants discharged from an NICU: potential for significant health disparities?,yes,yes
Do episodic migraineurs selectively attend to headache-related visual stimuli?,no,no
Does treatment duration affect outcome after radiotherapy for prostate cancer?,yes,yes
Is muscle power related to running speed with changes of direction?,yes,yes
Is there a uniform basal endometrial gene expression profile during the implantation window in women who became pregnant in a subsequent ICSI cycle?,maybe,maybe
Does a dedicated discharge coordinator improve the quality of hospital discharge?,yes,yes
Location and number of sutures placed for hiatal hernia repair during laparoscopic adjustable gastric banding: does it matter?,no,no
Does obesity impact the pattern and outcome of trauma in children?,no,no
Is vitamin D deficiency a feature of pediatric celiac disease?,no,no
Cerebromediastinal tuberculosis in a child with a probable Say-Barber-Miller syndrome: a causative link?,yes,yes
Does positron emission tomography change management in primary rectal cancer?,yes,yes
Risk stratification in emergency surgical patients: is the APACHE II score a reliable marker of physiological impairment?,yes,yes
Does the Simultaneous Use of a Neuroendoscope Influence the Incidence of Ventriculoperitoneal Shunt Infection?,no,no
Analysis of the epidemiological pattern of Shigellosis in Barcelona between 1988 and 2012: Is it an emerging sexually transmitted infection?,yes,yes
Does spontaneous remission occur in polyarteritis nodosa?,yes,yes
Is vancomycin MIC creep a worldwide phenomenon?,no,no
Are laboratories reporting serum quantitative hCG results correctly?,no,no
Are adult body circumferences associated with height?,yes,yes
Is tumour expression of VEGF associated with venous invasion and survival in pT3 renal cell carcinoma?,maybe,maybe
Does the distribution of health care benefits in Kenya meet the principles of universal coverage?,no,no
Does hippocampal atrophy on MRI predict cognitive decline?,no,no
Does successful completion of the Perinatal Education Programme result in improved obstetric practice?,no,no
Literacy after cerebral hemispherectomy: Can the isolated right hemisphere read?,yes,yes
"Diagnostic characteristics of child bipolar I disorder: does the ""Treatment of Early Age Mania (team)"" sample generalize?",yes,yes
Is CA72-4 a useful biomarker in differential diagnosis between ovarian endometrioma and epithelial ovarian cancer?,yes,yes
Does laparoscopic surgery decrease the risk of atrial fibrillation after foregut surgery?,yes,yes
Alcohol consumption and acute myocardial infarction: a benefit of alcohol consumed with meals?,yes,yes
Is the histidine triad nucleotide-binding protein 1 (HINT1) gene a candidate for schizophrenia?,no,no
Diabetes mellitus among Swedish art glass workers--an effect of arsenic exposure?,no,no
Is there any relation between cervical cord plaques and discopathy in patients with multiple sclerosis?,yes,yes
Does shaving the incision site increase the infection rate after spinal surgery?,maybe,maybe
Are physician estimates of asthma severity less accurate in black than in white patients?,yes,yes
Can biofeedback training of psychophysiological responses enhance athletes' sport performance?,yes,yes
Are there progressive brain changes in schizophrenia?,yes,yes
Human papillomavirus and pterygium. Is the virus a risk factor?,maybe,maybe
Is a 9-month treatment sufficient in tuberculous enterocolitis?,yes,yes
Is laparoscopic reoperation for failed antireflux surgery feasible?,yes,yes
Cutaneous melanoma in a multiethnic population: is this a different disease?,maybe,maybe
Should prostate specific antigen be adjusted for body mass index?,no,no
It's Fournier's gangrene still dangerous?,yes,yes
Does automatic transmission improve driving behavior in older drivers?,yes,yes
Health habits and vaccination status of Lebanese residents: are future doctors applying the rules of prevention?,no,no
Are sugars-free medicines more erosive than sugars-containing medicines?,no,no
Is non-invasive diagnosis of esophageal varices in patients with compensated hepatic cirrhosis possible by duplex Doppler ultrasonography?,yes,yes
Is first-line single-agent mitoxantrone in the treatment of high-risk metastatic breast cancer patients as effective as combination chemotherapy?,yes,yes
Is arch form influenced by sagittal molar relationship or Bolton tooth-size discrepancy?,no,no
Is intraoperative neuromonitoring associated with better functional outcome in patients undergoing open TME?,yes,yes
Does peritoneal dialysis affect halitosis in patients with end-stage renal disease?,yes,yes
Are behavioural risk factors to be blamed for the conversion from optimal blood pressure to hypertensive status in Black South Africans?,yes,yes
Can decisional algorithms replace global introspection in the individual causality assessment of spontaneously reported ADRs?,no,no
Does route of delivery affect maternal and perinatal outcome in women with eclampsia?,no,no
Can normal knee kinematics be restored with unicompartmental knee replacement?,no,no
Transient tachypnea of the newborn (TTN): a role for polymorphisms in the beta-adrenergic receptor (ADRB) encoding genes?,yes,yes
CYP2D6*4 allele and breast cancer risk: is there any association?,yes,yes
Should direct mesocolon invasion be included in T4 for the staging of gastric cancer?,maybe,maybe
Improvements in survival of gynaecological cancer in the Anglia region of England: are these an effect of centralisation of care and use of multidisciplinary management?,yes,yes
Is combined therapy more effective than growth hormone or hyperbaric oxygen alone in the healing of left ischemic and non-ischemic colonic anastomoses?,yes,yes
Is perforation of the appendix a risk factor for tubal infertility and ectopic pregnancy?,maybe,maybe
Does angiotensin-converting enzyme-1 (ACE-1) gene polymorphism lead to chronic kidney disease among hypertensive patients?,yes,yes
Emergency double-balloon enteroscopy combined with real-time viewing of capsule endoscopy: a feasible combined approach in acute overt-obscure gastrointestinal bleeding?,yes,yes
PREVALENCE OF THE STREPTOCOCUS AGALACTIAE IN THE PREGNANT WOMAN FROM THE AUTONOMIC CITY OF MELILLA: IS CULTURE A DETERMINANT FACTOR?,yes,yes
Can bedside assessment reliably exclude aspiration following acute stroke?,no,no
Cardiovascular risk in a rural adult West African population: is resting heart rate also relevant?,yes,yes
Does quilting suture prevent seroma in abdominoplasty?,yes,yes
Utility of unenhanced fat-suppressed T1-weighted MRI in children with sickle cell disease -- can it differentiate bone infarcts from acute osteomyelitis?,no,no
Multidisciplinary decisions in breast cancer: does the patient receive what the team has recommended?,yes,yes
Counter sampling combined with medical provider education: do they alter prescribing behavior?,maybe,maybe
Household and food shopping environments: do they play a role in socioeconomic inequalities in fruit and vegetable consumption?,no,no
Effects of exercise training on heart rate and QT interval in healthy young individuals: are there gender differences?,yes,yes
Biomolecular identification of allergenic pollen: a new perspective for aerobiological monitoring?,yes,yes
Are Biochemical Markers of Bone Turnover Representative of Bone Histomorphometry in 370 Postmenopausal Women?,maybe,maybe
Do risk factors for suicidal behavior differ by affective disorder polarity?,no,no
Does use of hydrophilic guidewires significantly improve technical success rates of peripheral PTA?,maybe,maybe
Is the urinary biomarkers assessment a non-invasive approach to tubular lesions of the solitary kidney?,yes,yes
Does case-mix based reimbursement stimulate the development of process-oriented care delivery?,yes,yes
Does strategy training reduce age-related deficits in working memory?,no,no
Would corrected QT dispersion predict left ventricular hypertrophy in hypertensive patients?,yes,yes
Search engine as a diagnostic tool in difficult immunological and allergologic cases: is Google useful?,yes,yes
Measuring hospital mortality rates: are 30-day data enough?,yes,yes
Do some U.S. states have higher/lower injury mortality rates than others?,yes,yes
Does cognitive function predict frequency compressed speech recognition in listeners with normal hearing and normal cognition?,no,no
Do patterns of knowledge and attitudes exist among unvaccinated seniors?,yes,yes
The influence of atmospheric pressure on aortic aneurysm rupture--is the diameter of the aneurysm important?,maybe,maybe
Artefacts in 24-h pharyngeal and oesophageal pH monitoring: is simplification of pH data analysis feasible?,maybe,maybe
Are we seeing the effects of public awareness campaigns?,maybe,maybe
Is expert breast pathology assessment necessary for the management of ductal carcinoma in situ ?,yes,yes
Does a well developed collateral circulation predispose to restenosis after percutaneous coronary intervention?,no,no
Does music influence stress in mechanically ventilated patients?,no,no
Residual fundus or neofundus after laparoscopic sleeve gastrectomy: is fundectomy safe and effective as revision surgery?,maybe,maybe
"Laparoscopic-assisted ileocolic resections in patients with Crohn's disease: are abscesses, phlegmons, or recurrent disease contraindications?",no,no
A model of healing of Los Angeles grades C and D reflux oesophagitis: is there an optimal time of acid suppression for maximal healing?,yes,yes
Can the growth rate of a gallbladder polyp predict a neoplastic polyp?,no,no
The use of audit to identify maternal mortality in different settings: is it just a difference between the rich and the poor?,no,no
Parasacral sciatic nerve block: does the elicited motor response predict the success rate?,maybe,maybe
Should all human immunodeficiency virus-infected patients with end-stage renal disease be excluded from transplantation?,no,no
Do general practitioner hospitals reduce the utilisation of general hospital beds?,yes,yes
Is breast cancer survival improving?,yes,yes
Does a geriatric oncology consultation modify the cancer treatment plan for elderly patients?,yes,yes
Living in an urban environment and non-communicable disease risk in Thailand: Does timing matter?,yes,yes
Does escalation of the apical dose change treatment outcome in beta-radiation of posterior choroidal melanomas with 106Ru plaques?,no,no
Transgastric endoscopic splenectomy: is it possible?,yes,yes
Do emergency medical services professionals think they should participate in disease prevention?,maybe,maybe
Should chest wall irradiation be included after mastectomy and negative node breast cancer?,maybe,maybe
Do older adults with cancer fall more often?,yes,yes
Convulsions and retinal haemorrhage: should we look further?,yes,yes
Is there still a need for living-related liver transplantation in children?,yes,yes
Can dose reduction to one parotid gland prevent xerostomia?,yes,yes
Do provider service networks result in lower expenditures compared with HMOs or primary care case management in Florida's Medicaid program?,yes,yes
Has the prevalence of health care services use increased over the last decade (2001-2009) in elderly people?,yes,yes
Fatigue in primary Sjögren's syndrome: is there a link with the fibromyalgia syndrome?,no,no
Does higher body mass index contribute to worse asthma control in an urban population?,no,no
Is solitary kidney really more resistant to ischemia?,yes,yes
Do primary care physicians underprescribe antibiotics for peptic ulcer disease?,yes,yes
"Do improvements in outreach, clinical, and family and community-based services predict improvements in child survival?",yes,yes
Are patients with diabetes receiving the same message from dietitians and nurses?,no,no
Doppler examination of uteroplacental circulation in early pregnancy: can it predict adverse outcome?,yes,yes
"Knee extensor strength, dynamic stability, and functional ambulation: are they related in Parkinson's disease?",yes,yes
Implementation of epidural analgesia for labor: is the standard of effective analgesia reachable in all women?,yes,yes
Does fluoridation reduce the use of dental services among adults?,maybe,maybe
Does performance in selection processes predict performance as a dental student?,no,no
Does a preoperative medically supervised weight loss program improve bariatric surgery outcomes?,no,no
Do prerecorded lecture VODcasts affect lecture attendance of first-yearpre-clinical Graduate Entry to Medicine students?,no,no
Does type 1 diabetes mellitus affect Achilles tendon response to a 10 km run?,no,no
Do follow-up recommendations for abnormal Papanicolaou smears influence patient adherence?,no,no
Are home sampling kits for sexually transmitted infections acceptable among men who have sex with men?,maybe,maybe
Vaccine protection in the elderly: are Austrian seniors adequately protected by vaccinations?,no,no
Is it safe to perform rectal anastomosis in gynaecological debulking surgery without a diverting stoma?,yes,yes
Surgical management of the atherosclerotic ascending aorta: is endoaortic balloon occlusion safe?,no,no
Is severe macrosomia manifested at 11-14 weeks of gestation?,yes,yes
Does the enteral feeding advancement affect short-term outcomes in very low birth weight infants?,yes,yes
Does maternal obesity have an influence on feeding behavior of obese children?,no,no
Does the bracket-ligature combination affect the amount of orthodontic space closure over three months?,no,no
Does the investing layer of the deep cervical fascia exist?,no,no
Does coronary angiography before emergency aortic surgery affect in-hospital mortality?,no,no
Ultra high risk (UHR) for psychosis criteria: are there different levels of risk for transition to psychosis?,yes,yes
Are opioid dependence and methadone maintenance treatment (MMT) documented in the medical record?,maybe,maybe
Could chest wall rigidity be a factor in rapid death from illicit fentanyl abuse?,yes,yes
Does Paget's disease exist in India?,yes,yes
Estradiol and Antagonist Pretreatment Prior to Microdose Leuprolide in in Vitro Fertilization. Does It Improve IVF Outcomes in Poor Responders as Compared to Oral Contraceptive Pill?,no,no
Is the probability of prenatal diagnosis or termination of pregnancy different for fetuses with congenital anomalies conceived following assisted reproductive techniques?,no,no
Can APC mutation analysis contribute to therapeutic decisions in familial adenomatous polyposis?,maybe,maybe
Stretch-sensitive KCNQ1 mutation A link between genetic and environmental factors in the pathogenesis of atrial fibrillation?,yes,yes
Can calprotectin predict relapse risk in inflammatory bowel disease?,maybe,maybe
Are many colorectal cancers due to missed adenomas?,no,no
Risky sexual behavior among college students With ADHD: is the mother-child relationship protective?,yes,yes
Does microbial contamination influence the success of the hematopoietic cell transplantation outcomes?,maybe,maybe
"Is distance to provider a barrier to care for medicaid patients with breast, colorectal, or lung cancer?",no,no
Is being small for gestational age a risk factor for retinopathy of prematurity?,no,no
Is there a favorable subset of patients with prostate cancer who develop oligometastases?,yes,yes
The Prevalence of Incidentally Detected Idiopathic Misty Mesentery on Multidetector Computed Tomography: Can Obesity Be the Triggering Cause?,yes,yes
Are endometrial polyps from pre-menopausal women similar to post-menopausal women?,no,no
Orthostatic myoclonus: an underrecognized cause of unsteadiness?,yes,yes
Does limb-salvage surgery offer patients better quality of life and functional capacity than amputation?,maybe,maybe
Does skin care frequency affect the severity of incontinence-associated dermatitis in critically ill patients?,yes,yes
Adjuvant radiation of stage III thymoma: is it necessary?,no,no
Do communication disorders extend to musical messages?,yes,yes
Processing fluency effects: can the content and presentation of participant information sheets influence recruitment and participation for an antenatal intervention?,yes,yes
Is fetal gender associated with emergency department visits for asthma during pregnancy?,no,no
Fulfilling human resources development goal in West Africa: can the training of ophthalmologist diplomates be improved?,yes,yes
The clinical significance of bile duct sludge: is it different from bile duct stones?,no,no
Can medical students contribute to quality assurance programmes in day surgery?,yes,yes
Thoracic and thoracoabdominal aneurysm repair: is reimplantation of spinal cord arteries a waste of time?,yes,yes
Should lower limb fractures be treated surgically in patients with chronic spinal injuries?,yes,yes
Does minimal access major surgery in the newborn hurt less?,no,no
Do mutations causing low HDL-C promote increased carotid intima-media thickness?,no,no
Does evidence-based practice improve patient outcomes?,yes,yes
Prognosis of well differentiated small hepatocellular carcinoma--is well differentiated hepatocellular carcinoma clinically early cancer?,no,no
Is patient outcome compromised during the initial experience with robot-assisted radical cystectomy?,no,no
Is there a relationship between serum paraoxonase level and epicardial fat tissue thickness?,no,no
Does transverse apex coincide with coronal apex levels (regional or global) in adolescent idiopathic scoliosis?,no,no
Do Wound Cultures Give Information About the Microbiology of Blood Cultures in Severe Burn Patients?,yes,yes
Affect-regulated exercise intensity: does training at an intensity that feels 'good' improve physical health?,yes,yes
Adults with mild intellectual disabilities: can their reading comprehension ability be improved?,yes,yes
A patient with myelomeningocele: is untethering necessary prior to scoliosis correction?,no,no
Bony defects in chronic anterior posttraumatic dislocation of the shoulder: Is there a correlation between humeral and glenoidal lesions?,no,no
Health care for immigrants in Europe: is there still consensus among country experts about principles of good practice?,maybe,maybe
Is it better to be big?,no,no
Does partial expander deflation exacerbate the adverse effects of radiotherapy in two-stage breast reconstruction?,yes,yes
Is cardiovascular evaluation necessary prior to and during beta-blocker therapy for infantile hemangiomas?,no,no
"Do lipids, blood pressure, diabetes, and smoking confer equal risk of myocardial infarction in women as in men?",no,no
Are serum leptin levels a prognostic factor in advanced lung cancer?,no,no
Does increased use of private health care reduce the demand for NHS care?,no,no
Do dermatomyositis and polymyositis affect similar thigh muscles?,no,no
Does intra-abdominal desmoid disease affect patients with an ileal pouch differently than those with an ileorectal anastomosis?,no,no
Cardiac reoperations in octogenarians: Do they really benefit?,yes,yes
Can we predict urinary stone composition based on an analysis of microelement concentration in the hair and urine?,no,no
Preservation of the PCL when performing cruciate-retaining TKA: Is the tibial tuberosity a reliable predictor of the PCL footprint location?,yes,yes
Antral follicle assessment as a tool for predicting outcome in IVF--is it a better predictor than age and FSH?,maybe,maybe
Do healthier lifestyles lead to less utilization of healthcare resources?,no,no
"Expression of c-kit protooncogen in hepatitis B virus-induced chronic hepatitis, cirrhosis and hepatocellular carcinoma: has it a diagnostic role?",maybe,maybe
Can early second-look tympanoplasty reduce the rate of conversion to modified radical mastoidectomy?,yes,yes
Does oral α-galactosidase relieve irritable bowel symptoms?,no,no
Is year of radical prostatectomy a predictor of outcome in prostate cancer?,yes,yes
Can progression of valvar aortic stenosis be predicted accurately?,yes,yes
Immunohistochemical assessment of steroid hormone receptors in tissues of the anal canal. Implications for anal incontinence?,yes,yes
Is size-reducing ascending aortoplasty with external reinforcement an option in modern aortic surgery?,yes,yes
"Actinobaculum schaalii, a cause of urinary tract infections in children?",maybe,maybe
Is a patient's self-reported health-related quality of life a prognostic factor for survival in non-small-cell lung cancer patients?,maybe,maybe
Is grandmultiparity an independent risk factor for adverse perinatal outcomes?,yes,yes
Sternal skin conductance: a reasonable surrogate for hot flash measurement?,no,no
Serovar specific immunity to Neisseria gonorrhoeae: does it exist?,no,no
Is inhaled prophylactic heparin useful for prevention and Management of Pneumonia in ventilated ICU patients?,no,no
Should general practitioners call patients by their first names?,yes,yes
Elephant trunk in a small-calibre true lumen for chronic aortic dissection: cause of haemolytic anaemia?,yes,yes
Does the early adopter of drugs exist?,no,no
Does the familial transmission of drinking patterns persist into young adulthood?,maybe,maybe
Cardiopulmonary bypass temperature does not affect postoperative euthyroid sick syndrome?,no,no
Does lung ischemia and reperfusion have an impact on coronary flow?,yes,yes
Does insulin resistance drive the association between hyperglycemia and cardiovascular risk?,yes,yes
"Young-Burgess classification of pelvic ring fractures: does it predict mortality, transfusion requirements, and non-orthopaedic injuries?",maybe,maybe
Is it time to reconsider lobectomy in low-risk paediatric thyroid cancer?,yes,yes
Multidisciplinary breast cancer clinics. Do they work?,yes,yes
Does family practice at residency teaching sites reflect community practice?,yes,yes
Is serum total bilirubin useful to differentiate cardioembolic stroke from other stroke subtypes?,yes,yes
Nutritional assessment of gluten-free diet. Is gluten-free diet deficient in some nutrient?,yes,yes
Do family physicians know the costs of medical care?,no,no
Is (18)F-FDG a surrogate tracer to measure tumor hypoxia?,no,no
Could ADMA levels in young adults born preterm predict an early endothelial dysfunction?,yes,yes
Do somatic complaints predict subsequent symptoms of depression?,maybe,maybe
Does increasing blood pH stimulate protein synthesis in dialysis patients?,no,no
Does receipt of hospice care in nursing homes improve the management of pain at the end of life?,yes,yes
Do resident's leadership skills relate to ratings of technical skill?,yes,yes
Can myometrial electrical activity identify patients in preterm labor?,yes,yes
Does perspective-taking increase patient satisfaction in medical encounters?,maybe,maybe
Does exercise during pregnancy prevent postnatal depression?,no,no
Is pain a clinically relevant problem in general adult psychiatry?,yes,yes
Juvenile ankylosing spondylitis--is it the same disease as adult ankylosing spondylitis?,no,no
Is human cytomegalovirus infection associated with hypertension?,no,no
Contrast-enhanced MR imaging of hand and finger joints in patients with early rheumatoid arthritis: do we really need a full dose of gadobenate dimeglumine for assessing synovial enhancement at 3 T?,no,no
Are failures of anterior cruciate ligament reconstruction associated with steep posterior tibial slopes?,yes,yes
Is laparoscopic cholecystectomy safe and acceptable as a day case procedure?,yes,yes
Is aerobic workload positively related to ambulatory blood pressure?,yes,yes
Does airway surgery lower serum lipid levels in obstructive sleep apnea patients?,yes,yes
Is Bare-Metal Stent Implantation Still Justifiable in High Bleeding Risk Patients Undergoing Percutaneous Coronary Intervention?,yes,yes
Do risk calculators accurately predict surgical site occurrences?,no,no
Does high-dose radiotherapy benefit palliative lung cancer patients?,no,no
Are polymorphisms in oestrogen receptors genes associated with lipid levels in response to hormone therapy?,yes,yes
Does ultrasound imaging before puncture facilitate internal jugular vein cannulation?,maybe,maybe
Does an additional antirotation U-Blade (RC) lag screw improve treatment of AO/OTA 31 A1-3 fractures with gamma 3 nail?,no,no
Sub-classification of low-grade cerebellar astrocytoma: is it clinically meaningful?,no,no
Is intrapartum vibroacoustic stimulation an effective predictor of fetal acidosis?,yes,yes
Very high serum CA 19-9 levels: a contraindication to pancreaticoduodenectomy?,no,no
Can magnetic resonance-ultrasound fusion biopsy improve cancer detection in enlarged prostates?,yes,yes
Pulmonary valve replacement in adults late after repair of tetralogy of fallot: are we operating too late?,yes,yes
Diagnosis and follow-up in constipated children: should we use ultrasound?,yes,yes
Gadofosveset-enhanced MR angiography of carotid arteries: does steady-state imaging improve accuracy of first-pass imaging?,yes,yes
Can mandibular depiction be improved by changing the thickness of double-oblique computed tomography images?,no,no
Application of computer-aided diagnosis (CAD) in MR-mammography (MRM): do we really need whole lesion time curve distribution analysis?,no,no
Can ki-67 play a role in prediction of breast cancer patients' response to neoadjuvant chemotherapy?,yes,yes
Is plate clearing a risk factor for obesity?,yes,yes
Xanthogranulomatous cholecystitis: a premalignant condition?,no,no
The FOOTSTEP self-management foot care programme: are rheumatoid arthritis patients physically able to participate?,maybe,maybe
Can elevated troponin I levels predict complicated clinical course and inhospital mortality in patients with acute pulmonary embolism?,yes,yes
Preoperative locoregional staging of gastric cancer: is there a place for magnetic resonance imaging?,no,no
Does the treatment of amblyopia normalise subfoveal choroidal thickness in amblyopic children?,no,no
Type II supracondylar humerus fractures: can some be treated nonoperatively?,yes,yes
Does Mammographic Density have an Impact on the Margin Re-excision Rate After Breast-Conserving Surgery?,no,no
Is there a first night effect on sleep bruxism?,no,no
Do nontriploid partial hydatidiform moles exist?,no,no
Are the arginine vasopressin V1a receptor microsatellites related to hypersexuality in children with a prepubertal and early adolescent bipolar disorder phenotype?,no,no
Should cavitation in proximal surfaces be reported in cone beam computed tomography examination?,yes,yes
Does the sequence of clamp application during open abdominal aortic aneurysm surgery influence distal embolisation?,no,no
Do overweight children necessarily make overweight adults?,no,no
Nasal fractures:  is closed reduction satisfying?,yes,yes
Gynecological cancer alarm symptoms: is contact with specialist care associated with lifestyle and socioeconomic status?,yes,yes
Bactericidal activity of 3 cutaneous/mucosal antiseptic solutions in the presence of interfering substances: Improvement of the NF EN 13727 European Standard?,maybe,maybe
Does managed care enable more low income persons to identify a usual source of care?,maybe,maybe
Neck pain treatment with acupuncture: does the number of needles matter?,no,no
Could ESC (Electronic Stability Control) change the way we drive?,yes,yes
Is semi-closed endarterectomy of the superficial femoral artery combined with a short venous bypass in case of insufficient venous material an acceptable alternative for limb-threatening ischemia?,yes,yes
Does a special interest in laparoscopy affect the treatment of acute cholecystitis?,yes,yes
Can continuous physical training counteract aging effect on myoelectric fatigue?,yes,yes
Is there a relationship between homocysteine and vitiligo?,yes,yes
Does prior benign prostate biopsy predict outcome for patients treated with radical perineal prostatectomy?,yes,yes
Does oxybutynin hydrochloride cause arrhythmia in children with bladder dysfunction?,yes,yes
Does implant coating with antibacterial-loaded hydrogel reduce bacterial colonization and biofilm formation in vitro?,yes,yes
Is intensive monitoring during the first transfusion in pediatric patients necessary?,no,no
Is crime associated with over-the-counter pharmacy syringe sales?,yes,yes
Is there a discrepancy between patient and physician quality of life assessment?,yes,yes
Is delayed gastric emptying following pancreaticoduodenectomy related to pylorus preservation?,no,no
Do family physicians make good sentinels for influenza?,yes,yes
Surgical treatment of prosthetic valve endocarditis in patients with double prostheses: is single-valve replacement safe?,yes,yes
Are the GFRUP's recommendations for withholding or withdrawing treatments in critically ill children applicable?,yes,yes
Thrombosis prophylaxis in hospitalised medical patients: does prophylaxis in all patients make sense?,no,no
Do clinical variables predict pathologic radiographs in the first episode of wheezing?,no,no
"Are normally sighted, visually impaired, and blind pedestrians accurate and reliable at making street crossing decisions?",maybe,maybe
Does solid culture for tuberculosis influence clinical decision making in India?,maybe,maybe
Does histologic chorioamnionitis correspond to clinical chorioamnionitis?,yes,yes
"Regional anesthesia as compared with general anesthesia for surgery in geriatric patients with hip fracture: does it decrease morbidity, mortality, and health care costs?",no,no
Delayed peripheral facial palsy in the stapes surgery: can it be prevented?,yes,yes
Do general practice characteristics influence uptake of an information technology (IT) innovation in primary care?,no,no
Is low serum chloride level a risk factor for cardiovascular mortality?,yes,yes
Is the clinically positive axilla in breast cancer really a contraindication to sentinel lymph node biopsy?,no,no
Are complex coronary lesions more frequent in patients with diabetes mellitus?,yes,yes
Does anastomotic leakage affect functional outcome after rectal resection for cancer?,no,no
Is double-balloon enteroscopy an accurate method to diagnose small-bowel disorders?,yes,yes
Aberrant loss of dickkopf-3 in gastric cancer: can it predict lymph node metastasis preoperatively?,yes,yes
Do mossy fibers release GABA?,yes,yes
Do parents recall and understand children's weight status information after BMI screening?,maybe,maybe
Can increases in the cigarette tax rate be linked to cigarette retail prices?,no,no
Memory-provoked rCBF-SPECT as a diagnostic tool in Alzheimer's disease?,yes,yes
Can shape analysis differentiate free-floating internal carotid artery thrombus from atherosclerotic plaque in patients evaluated with CTA for stroke or transient ischemic attack?,yes,yes
MR arthrography of the shoulder: do we need local anesthesia?,no,no
Do inhaled steroids differ from cromones in terms of hospital admission rates for asthma in children?,yes,yes
Fast foods - are they a risk factor for asthma?,yes,yes
Learning needs of postpartum women: does socioeconomic status matter?,yes,yes
Do elderly patients benefit from surgery in addition to radiotherapy for treatment of metastatic spinal cord compression?,no,no
Can fractional lasers enhance transdermal absorption of topical lidocaine in an in vivo animal model?,yes,yes
Are financial incentives cost-effective to support smoking cessation during pregnancy?,yes,yes
Is high-sensitivity C-reactive protein associated with carotid atherosclerosis in healthy Koreans?,no,no
Is there a relationship between rheumatoid arthritis and periodontal disease?,yes,yes
Pituitary apoplexy: do histological features influence the clinical presentation and outcome?,yes,yes
Standardizing care in medical oncology: are Web-based systems the answer?,maybe,maybe
Is ganglionated plexi ablation during Maze IV procedure beneficial for postoperative long-term stable sinus rhythm?,no,no
Chemotherapy and survival in advanced non-small cell lung carcinoma: is pneumologists' skepticism justified?,no,no
Can tailored interventions increase mammography use among HMO women?,yes,yes
Are the elderly with oropharyngeal carcinoma undertreated?,maybe,maybe
Is Aspiration Thrombectomy Beneficial in Patients Undergoing Primary Percutaneous Coronary Intervention?,no,no
"Do ""America's Best Hospitals"" perform better for acute myocardial infarction?",yes,yes
Can p53 alterations be used to predict tumour response to pre-operative chemo-radiotherapy in locally advanced rectal cancer?,no,no
Is neck pain associated with worse health-related quality of life 6 months later?,yes,yes
Acute hepatitis C in Israel: a predominantly iatrogenic disease?,yes,yes
Does parity increase insulin resistance during pregnancy?,no,no
Can homemade alcohol (Raksi) be useful for preserving dead bodies?,yes,yes
Does the radiographic transition zone correlate with the level of aganglionosis on the specimen in Hirschsprung's disease?,no,no
Impact of MPH programs: contributing to health system strengthening in low- and middle-income countries?,yes,yes
Is gastric cancer different in Korea and the United States?,yes,yes
Body diffusion-weighted MR imaging of uterine endometrial cancer: is it helpful in the detection of cancer in nonenhanced MR imaging?,yes,yes
Does ultrasound-scored synovitis depend on the pharmacokinetics of subcutaneous anti-TNF agents in patients with rheumatoid arthritis?,no,no
Is the advanced age a contraindication to GERD laparoscopic surgery?,no,no
Is it appropriate to implant kidneys from elderly donors in young recipients?,yes,yes
Is a mandatory general surgery rotation necessary in the surgical clerkship?,no,no
Proliferative index obtained by DNA image cytometry. Does it add prognostic information in Auer IV breast cancer?,yes,yes
Prostate bed target interfractional motion using RTOG consensus definitions and daily CT on rails : Does target motion differ between superior and inferior portions of the clinical target volume?,no,no
Does the National Institutes of Health Stroke Scale favor left hemisphere strokes?,yes,yes
Identification of racial disparities in breast cancer mortality: does scale matter?,yes,yes
Does HER2 immunoreactivity provide prognostic information in locally advanced urothelial carcinoma patients receiving adjuvant M-VEC chemotherapy?,maybe,maybe
Are income-related differences in active travel associated with physical environmental characteristics?,no,no
Fragility of the esophageal mucosa: a pathognomonic endoscopic sign of primary eosinophilic esophagitis?,yes,yes
The English antibiotic awareness campaigns: did they change the public's knowledge of and attitudes to antibiotic use?,no,no
Is ankle/arm pressure predictive for cardiovascular mortality in older patients living in nursing homes?,no,no
Can third trimester ultrasound predict the presentation of the first twin at delivery?,yes,yes
Uniformity of evidence-based treatments in practice?,yes,yes
Evaluation of pediatric VCUG at an academic children's hospital: is the radiographic scout image necessary?,no,no
Is the fibronectin-aggrecan complex present in cervical disk disease?,yes,yes
Advanced epithelial ovarian carcinoma in Thai women: should we continue to offer second-look laparotomy?,no,no
Is the processing of affective prosody influenced by spatial attention?,maybe,maybe
Must early postoperative oral intake be limited to laparoscopy?,no,no
Could different follow-up modalities play a role in the diagnosis of asymptomatic endometrial cancer relapses?,maybe,maybe
Cold preparation use in young children after FDA warnings: do concerns still exist?,yes,yes
Does laparoscopic antireflux surgery improve quality of life in patients whose gastro-oesophageal reflux disease is well controlled with medical therapy?,yes,yes
Does a delay in transfer to a rehabilitation unit for older people affect outcome after fracture of the proximal femur?,yes,yes
Do French lay people and health professionals find it acceptable to breach confidentiality to protect a patient's wife from a sexually transmitted disease?,maybe,maybe
Subclavian steal syndrome: can the blood pressure difference between arms predict the severity of steal?,yes,yes
Maternal creatine homeostasis is altered during gestation in the spiny mouse: is this a metabolic adaptation to pregnancy?,yes,yes
Risk factors for avascular necrosis of bone in patients with systemic lupus erythematosus: is there a role for antiphospholipid antibodies?,no,no
Do liquid-based preparations of urinary cytology perform differently than classically prepared cases?,yes,yes
Can we measure mesopic pupil size with the cobalt blue light slit-lamp biomicroscopy method?,no,no
Do acute changes in heart rate by isoproterenol affect aortic stiffness in patients with hypertension?,no,no
Do emergency ultrasound fellowship programs impact emergency medicine residents' ultrasound education?,yes,yes
Inpatient versus outpatient management of neutropenic fever in gynecologic oncology patients: is risk stratification useful?,yes,yes
Biomechanical and wound healing characteristics of corneas after excimer laser keratorefractive surgery: is there a difference between advanced surface ablation and sub-Bowman's keratomileusis?,yes,yes
Should tumor depth be included in prognostication of soft tissue sarcoma?,no,no
Risk factors for major depression during midlife among a community sample of women with and without prior major depression: are they the same or different?,no,no
Prevalence of chronic conditions among Medicare Part A beneficiaries in 2008 and 2010: are Medicare beneficiaries getting sicker?,yes,yes
Does aerobic fitness influence microvascular function in healthy adults at risk of developing Type 2 diabetes?,maybe,maybe
Quaternary cytoreductive surgery in ovarian cancer: does surgical effort still matter?,yes,yes
Cancer of the buccal mucosa: are margins and T-stage accurate predictors of local control?,no,no
Does pretreatment with statins improve clinical outcome after stroke?,no,no
Can vitamin C prevent complex regional pain syndrome in patients with wrist fractures?,yes,yes
Is the atopy patch test with house dust mites specific for atopic dermatitis?,yes,yes
Women with synchronous primary cancers of the endometrium and ovary: do they have Lynch syndrome?,maybe,maybe
Preparing patients at high risk of falls for discharge home after rehabilitation: Do we meet the guidelines?,no,no
Some aspects of social exclusion: do they influence suicide mortality?,yes,yes
Can mental imagery functional magnetic resonance imaging predict recovery in patients with disorders of consciousness?,yes,yes
Pancreas retransplantation:  a second chance for diabetic patients?,yes,yes
"Is gastric electrical stimulation superior to standard pharmacologic therapy in improving GI symptoms, healthcare resources, and long-term health care benefits?",yes,yes
Informed consent for total hip arthroplasty: does a written information sheet improve recall by patients?,yes,yes
Pitfalls in urinary stone identification using CT attenuation values: are we getting the same information on different scanner models?,no,no
Treatment of vitamin D deficiency in CKD patients with ergocalciferol: are current K/DOQI treatment guidelines adequate?,no,no
Is there any interest to perform ultrasonography in boys with undescended testis?,no,no
The insertion allele of the ACE gene I/D polymorphism. A candidate gene for insulin resistance?,no,no
Can magnetic resonance imaging accurately predict concordant pain provocation during provocative disc injection?,yes,yes
Does obstructive sleep apnea affect aerobic fitness?,maybe,maybe
Can a Novel Surgical Approach to the Temporomandibular Joint Improve Access and Reduce Complications?,yes,yes
Treadmill testing of children who have spina bifida and are ambulatory: does peak oxygen uptake reflect maximum oxygen uptake?,yes,yes
Is minilaparoscopic inguinal hernia repair feasible?,yes,yes
Discharging patients earlier from Winnipeg hospitals: does it adversely affect quality of care?,no,no
Body dysmorphic disorder: does it have a psychotic subtype?,yes,yes
Factors determining the survival of nasopharyngeal carcinoma with lung metastasis alone: does combined modality treatment benefit?,yes,yes
Can routine offering of influenza vaccination in office-based settings reduce racial and ethnic disparities in adult influenza vaccination?,yes,yes
May mean platelet volume levels be a predictor in the diagnosis of pelvic inflammatory disease?,yes,yes
Schizophrenia patients with high intelligence: A clinically distinct sub-type of schizophrenia?,yes,yes
Does screening or surveillance for primary hepatocellular carcinoma with ultrasonography improve the prognosis of patients?,yes,yes
Is low birth weight a risk indicator for congenital cytomegalovirus infection?,no,no
"Recovery Outcome Measures: Is There a Place for Culture, Attitudes, and Faith?",yes,yes
Landolt C and snellen e acuity: differences in strabismus amblyopia?,no,no
Can distal ureteral diameter predict reflux resolution after endoscopic injection?,yes,yes
Intravenous administration of metoclopramide by 2 min bolus vs 15 min infusion: does it affect the improvement of headache while reducing the side effects?,yes,yes
Are Reviewers' Scores Influenced by Citations to Their Own Work?,yes,yes
Is the Distance Worth It?,yes,yes
Cholestasis associated with small bowel atresia: do we always need to investigate?,no,no
Is aneurysm repair justified for the patients aged 80 or older after aneurysmal subarachnoid hemorrhage?,yes,yes
CPAP therapy in patients with idiopathic pulmonary fibrosis and obstructive sleep apnea: does it offer a better quality of life and sleep?,maybe,maybe
Does head positioning influence anterior chamber depth in pseudoexfoliation syndrome?,yes,yes
Do hospitals provide lower quality care on weekends?,yes,yes
Appendectomy timing: Will delayed surgery increase the complications?,no,no
Assessing Patient Reported Outcomes Measures via Phone Interviews Versus Patient Self-Survey in the Clinic: Are We Measuring the Same Thing?,yes,yes
Is Panton-Valentine leucocidin associated with the pathogenesis of Staphylococcus aureus bacteraemia in the UK?,maybe,maybe
Do preoperative statins reduce atrial fibrillation after coronary artery bypass grafting?,yes,yes
Estimated fetal weight by ultrasound: a modifiable risk factor for cesarean delivery?,yes,yes
Can we ease the financial burden of colonoscopy?,yes,yes
Outcome Feedback within Emergency Medicine Training Programs: An Opportunity to Apply the Theory of Deliberate Practice?,maybe,maybe
Does open access endoscopy close the door to an adequately informed patient?,yes,yes
Dementia and aphasia in motor neuron disease: an underrecognised association?,yes,yes
Prompting Primary Care Providers about Increased Patient Risk As a Result of Family History: Does It Work?,no,no
Are hepatitis G virus and TT virus involved in cryptogenic chronic liver disease?,no,no
Does β-catenin have a role in pathogenesis of sebaceous cell carcinoma of the eyelid?,yes,yes
Can EMS Providers Provide Appropriate Tidal Volumes in a Simulated Adult-sized Patient with a Pediatric-sized Bag-Valve-Mask?,yes,yes
Can communication with terminally ill patients be taught?,yes,yes
Is trabecular bone related to primary stability of miniscrews?,yes,yes
Esophagogastric devascularization without splenectomy in portal hypertension: safe and effective?,yes,yes
Do oblique views add value in the diagnosis of spondylolysis in adolescents?,no,no
Is Overexpression of Ki-67 a Prognostic Biomarker of Upper Tract Urinary Carcinoma?,yes,yes
Are patients with serious mental illness more likely to be admitted to nursing homes with more deficiencies in care?,yes,yes
Is lumbar drainage of postoperative cerebrospinal fluid fistula after spine surgery effective?,yes,yes
Does left atrial appendage (LAA) occlusion device alter the echocardiography and electrocardiogram parameters in patients with atrial fibrillation?,yes,yes
Has the 80-hour workweek improved surgical resident education in New England?,no,no
Is severe pain immediately after spinal augmentation a predictor of long-term outcomes?,no,no
Diffusion-weighted echo-planar MR imaging of primary parotid gland tumors: is a prediction of different histologic subtypes possible?,yes,yes
Is external palliative radiotherapy for gallbladder carcinoma effective?,yes,yes
Is withdrawal-induced anxiety in alcoholism based on beta-endorphin deficiency?,yes,yes
Does the central venous pressure predict fluid responsiveness?,no,no
Can common carotid intima media thickness serve as an indicator of both cardiovascular phenotype and risk among black Africans?,yes,yes
Do patients with localized prostate cancer treatment really want more aggressive treatment?,no,no
Should HIV-infected patients be screened for silent myocardial ischaemia using gated myocardial perfusion SPECT?,maybe,maybe
"Are lifetime prevalence of impetigo, molluscum and herpes infection really increased in children having atopic dermatitis?",maybe,maybe
Cue-induced behavioural activation: a novel model of alcohol craving?,yes,yes
Is the type of remission after a major depressive episode an important risk factor to relapses in a 4-year follow up?,yes,yes
Sternal plating for primary and secondary sternal closure; can it improve sternal stability?,yes,yes
Can PRISM predict length of PICU stay?,no,no
Do cytokines have any role in epilepsy?,yes,yes
Can nonproliferative breast disease and proliferative breast disease without atypia be distinguished by fine-needle aspiration cytology?,no,no
Is prophylactic fixation a cost-effective method to prevent a future contralateral fragility hip fracture?,maybe,maybe
Do socioeconomic differences in mortality persist after retirement?,yes,yes
Should pulp chamber pulpotomy be seen as a permanent treatment?,no,no
Acute respiratory distress syndrome in children with malignancy--can we predict outcome?,yes,yes
Digital Tomosynthesis: A Viable Alternative to Noncontrast Computed Tomography for the Follow-Up of Nephrolithiasis?,yes,yes
Cardiogenic shock complicating acute myocardial infarction in elderly patients: does admission to a tertiary center improve survival?,no,no
Does blood pressure change in treated hypertensive patients depending on whether it is measured by a physician or a nurse?,yes,yes
Are acceptance rates of a national preventive home visit programme for older people socially imbalanced?,yes,yes
Pertrochanteric fractures: is there an advantage to an intramedullary nail?,no,no
Does reducing spasticity translate into functional benefit?,yes,yes
Empiric treatment of uncomplicated urinary tract infection with fluoroquinolones in older women in Israel: another lost treatment option?,maybe,maybe
Is diffusion-weighted imaging a significant indicator of the development of vascularization in hypovascular hepatocellular lesions?,no,no
Undescended testes: does age at orchiopexy affect survival of the testis?,no,no
Is the affinity column-mediated immunoassay method suitable as an alternative to the microparticle enzyme immunoassay method as a blood tacrolimus assay?,yes,yes
Does timing of initial surfactant treatment make a difference in rates of chronic lung disease or mortality in premature infants?,maybe,maybe
Preoperative staging of patients with liver metastases of colorectal carcinoma. Does PET/CT really add something to multidetector CT?,no,no
Is oral endotracheal intubation efficacy impaired in the helicopter environment?,yes,yes
Is decompressive surgery effective for spinal cord sarcoidosis accompanied with compressive cervical myelopathy?,no,no
Are women with major depression in pregnancy identifiable in population health data?,no,no
Is a pressor necessary during aortic perfusion and oxygenation therapy of cardiac arrest?,yes,yes
Did the call for boycott by the Catholic bishops affect the polio vaccination coverage in Kenya in 2015?,no,no
Is dexamethasone an effective alternative to oral prednisone in the treatment of pediatric asthma exacerbations?,yes,yes
Kell alloimmunization in pregnancy: associated with fetal thrombocytopenia?,no,no
Is Chaalia/Pan Masala harmful for health?,yes,yes
Will clinical studies elucidate the connection between the length of storage of transfused red blood cells and clinical outcomes?,no,no
Upstream solutions: does the supplemental security income program reduce disability in the elderly?,yes,yes
Autoxidation products of both carbohydrates and lipids are increased in uremic plasma: is there oxidative stress in uremia?,yes,yes
An HIV1/2 point of care test on sputum for screening TB/HIV co-infection in Central India - Will it work?,yes,yes
Can infundibular height predict the clearance of lower pole calyceal stone after extracorporeal shockwave lithotripsy?,yes,yes
Is pelvic pain associated with defecatory symptoms in women with pelvic organ prolapse?,yes,yes
Israeli hospital preparedness for terrorism-related multiple casualty incidents: can the surge capacity and injury severity distribution be better predicted?,yes,yes
Does sonographic needle guidance affect the clinical outcome of intraarticular injections?,yes,yes
Is there any relationship between streptococcal infection and multiple sclerosis?,yes,yes
"""Would a man smell a rose then throw it away?",maybe,maybe
The effect of an intracerebroventricular injection of metformin or AICAR on the plasma concentrations of melatonin in the ewe: potential involvement of AMPK?,yes,yes
Is fetal anatomic assessment on follow-up antepartum sonograms clinically useful?,yes,yes
Steroids in aminoglycoside-containing ear drops: do they reduce cochlear toxicity?,yes,yes
Assessment of appropriate antimicrobial prescribing: do experts agree?,yes,yes
