question,ground_truth,prediction,inference_time,model,method,training_time
Can probiotics treat IBS?,maybe,"Not as much. IBS is a new drug that has been around for over 30 years. IBS is not a new drug, but it's still a new drug.
What are the other drugs that have been around for a while?",1.678255558013916,distilgpt2,lora,10.643115758895874
Is sunscreen effective against UV rays?,yes,"I don't know.
I don't know.
I don't know.
I don't know.
I don't know",1.5764923095703125,distilgpt2,lora,10.643115758895874
Does high cholesterol always lead to heart disease?,no,,1.6183381080627441,distilgpt2,lora,10.643115758895874
Can acupuncture relieve back pain?,yes,"Yes.
Question: Can acupuncture relieve",1.6043164730072021,distilgpt2,lora,10.643115758895874
Is gluten harmful for everyone?,no,"Yes.
It is a lot of gluten, but it does not contain the harmful, harmful, or harmful gluten. It is a good thing that the FDA can provide a way to make sure the food is safe for everyone. It also makes it",1.629662275314331,distilgpt2,lora,10.643115758895874
Can lack of sleep cause weight gain?,yes,"Yes.
For a more in-depth look at sleep problems, I've compiled a list of the most common sleep problems in the world, including:
1. Sleep problems
2. Sleep problems
3. Sleep problems
4. Sleep",1.5865583419799805,distilgpt2,lora,10.643115758895874
Does drinking water help with kidney stones?,yes,"Well, it does.",1.602412462234497,distilgpt2,lora,10.643115758895874
Is yoga good for flexibility?,yes,"Yes, it's a good idea to try yoga. Yoga is a very important part of the body. There are many different types of yoga, and yoga is a very important part of the body. So if you're going to do a lot of",1.6207551956176758,distilgpt2,lora,10.643115758895874
